{"cameraMode":{"drawMode":0,"name":"Shaded","section":"Shading Mode"},"sceneLighting":true,"audioPlay":false,"sceneViewState":{"m_AlwaysRefresh":false,"showFog":true,"showSkybox":false,"showFlares":true,"showImageEffects":true,"showParticleSystems":true,"showVisualEffectGraphs":true,"m_FxEnabled":true},"in2DMode":false,"pivot":{"x":-5.717568397521973,"y":5.431085586547852,"z":2.9601683616638185},"rotation":{"x":0.17272940278053285,"y":0.0664307028055191,"z":-0.011677133850753308,"w":0.9826592803001404},"size":15.835394859313965,"orthographic":false}