{"cameraMode":{"drawMode":0,"name":"Shaded","section":"Shading Mode"},"sceneLighting":false,"audioPlay":false,"sceneViewState":{"m_AlwaysRefresh":false,"showFog":true,"showSkybox":false,"showFlares":true,"showImageEffects":true,"showParticleSystems":true,"showVisualEffectGraphs":true,"m_FxEnabled":true},"in2DMode":false,"pivot":{"x":-2.439619779586792,"y":-0.8892366886138916,"z":3.3100202083587648},"rotation":{"x":0.0021352125331759454,"y":0.9967837333679199,"z":-0.02841603383421898,"w":0.07489939779043198},"size":0.7560188174247742,"orthographic":false}