{"cameraMode":{"drawMode":0,"name":"Shaded","section":"Shading Mode"},"sceneLighting":false,"audioPlay":false,"sceneViewState":{"m_AlwaysRefresh":false,"showFog":true,"showSkybox":false,"showFlares":true,"showImageEffects":true,"showParticleSystems":true,"showVisualEffectGraphs":true,"m_FxEnabled":true},"in2DMode":false,"pivot":{"x":-5.717568397521973,"y":5.292274475097656,"z":2.9601683616638185},"rotation":{"x":0.022479984909296037,"y":-0.04018280282616615,"z":0.0009041790617629886,"w":0.9989403486251831},"size":15.901371002197266,"orthographic":false}