{"cameraMode":{"drawMode":0,"name":"Shaded","section":"Shading Mode"},"sceneLighting":false,"audioPlay":false,"sceneViewState":{"m_AlwaysRefresh":false,"showFog":true,"showSkybox":false,"showFlares":true,"showImageEffects":true,"showParticleSystems":true,"showVisualEffectGraphs":true,"m_FxEnabled":true},"in2DMode":false,"pivot":{"x":-5.717568397521973,"y":4.4095940589904789,"z":2.9601683616638185},"rotation":{"x":-0.19415254890918733,"y":0.15756738185882569,"z":-0.031612932682037356,"w":-0.9677215218544006},"size":16.342273712158204,"orthographic":false}